revenu_fcfa,credit_fcfa,age,score,default
4745071.229516849,2100179.602118326,60,2,0
3792603.548243223,1656475.5670997975,56,2,0
4971532.807151039,2097838.002425827,44,2,0
6284544.784612038,2434638.4232291104,46,1,0
3648769.937914996,2039088.0562605634,64,5,1
3648794.564576229,2032473.352963106,55,2,0
6368819.223261087,1438406.6497545957,37,4,1
5151152.093729363,1469679.2659592414,44,3,0
3295788.421097572,877915.7825602451,58,3,0
4813840.065378947,3399661.3945495514,37,2,0
3304873.4607813065,1004909.4116869719,61,3,0
3301405.369644615,1445675.8417632743,36,3,0
4362943.407349051,1425274.187544642,37,1,0
1130079.6330133034,2715939.501555553,52,4,1
1412623.2512304508,1764040.2573663779,64,4,1
3156568.706138541,2998193.658138987,19,1,0
2480753.3194983643,1461207.5006049052,47,1,0
4471370.998892911,2223195.3297790415,51,3,0
2637963.8867181838,1331722.3573921942,39,5,1
1881544.447997063,3716119.3022187105,20,3,0
6198473.153382331,1049921.2647763898,23,1,0
3661335.5492701964,2247856.568181622,32,4,1
4101292.3070318857,2507021.504745679,44,3,0
1862877.720679815,2331039.2779611987,27,5,1
3183425.913212226,1851769.8728978334,26,3,0
4166383.8845647993,1896143.440213259,50,2,0
2273509.6338665457,2035049.1775832877,49,3,0
4563547.027518508,1882398.398697209,23,1,0
3099041.9651217926,2771103.2934359275,58,4,1
3562459.375310085,3768418.401273081,53,4,1
3097440.0816559047,1554006.571993733,19,1,0
6778417.276763407,904157.6163367378,46,2,0
3979754.1628930992,1929374.3613189962,21,1,0
2413433.6065661497,4063767.470123455,18,3,0
5233817.368154784,1357060.3456242154,36,1,0
2168734.5250434666,3311293.444355254,43,1,0
4313295.392507133,3342160.6512611527,42,2,0
1060494.8141803364,1557129.4066336043,27,3,0
2007720.9266523542,2455186.46334822,32,5,1
4295291.853803685,3302717.298502831,39,5,1
5107699.869993116,1696697.8072100105,38,4,1
4257052.421784956,1837135.7119181105,39,1,0
3826527.5764176394,1534655.268841085,53,4,1
3548344.456616067,1188194.6154457065,51,2,0
1782217.0144488588,1480577.9639471944,47,5,1
2920233.687407937,1020847.7865901948,42,1,0
3309041.8435603185,2027266.7746073809,62,2,0
5585683.339328374,1384021.4151530867,45,2,0
4515427.434352692,2187028.729432598,18,1,0
1355439.766955899,755283.4830370981,62,2,0
4486125.954092192,2264704.185771566,21,1,0
3422376.579375525,2666823.1692871395,24,1,0
2984616.999541062,405011.4859428357,26,3,0
4917514.433261301,2299245.255878058,53,4,1
5546499.283743926,2982135.1939786337,36,2,0
5396920.178674297,1032287.1850470357,18,2,0
2741173.715166042,3338057.9094701624,27,3,0
3536181.436223178,2335215.2074928363,53,3,0
4496895.1471053455,1435990.515393273,26,3,0
5463317.690683539,1955384.7378738353,62,5,1
3281238.6432320653,2446661.530017378,63,5,1
3721511.5350042745,2060804.3131299291,59,5,1
2340497.5389909577,2431004.7939570956,49,1,0
2205690.0638789935,1263461.125536507,49,2,0
5218788.733591297,2135488.6592288623,23,4,1
6034360.042856234,869028.4024760157,55,1,0
3891984.8176294994,1911019.1509210397,34,2,0
5505299.346838037,1276873.8868281683,27,2,0
4542454.037571452,1411576.0459281867,44,3,0
3032320.3680923134,2988874.5401683496,52,3,0
4542093.408262621,2873048.096475415,38,1,0
6307054.849698953,2487310.496725742,42,3,0
3946260.9413350727,1126149.788261937,45,2,0
6346965.483721009,1746873.2402441585,64,3,0
70382.34386538342,2970478.1599833467,32,5,1
5232853.756562836,2113373.530911924,21,3,0
4130570.6023572567,3855463.631985355,46,2,0
3551488.974301199,2314654.2715154975,26,1,0
4137641.1648032535,2153639.2931920253,44,4,1
1018646.6280986606,1752706.828637999,43,3,0
3670492.1682437323,2106832.723825826,36,2,0
4535668.85726762,1878024.1308955648,45,4,1
6216841.0671122745,2566486.9413508726,34,4,1
3222594.672589529,2765361.853435667,60,5,1
2787259.5956602185,1371208.4315936402,58,4,1
3247364.4346231953,935013.6371537775,59,2,0
5373103.1765531115,531035.7015173628,37,2,0
4493126.664489526,2406393.061530035,62,3,0
3205359.6943494417,1117306.7150609011,57,3,0
4769901.149670035,277687.5256380136,56,3,0
4145616.3240220607,2310862.883624771,40,4,1
5452967.485799334,3994399.6139462325,64,4,1
2946920.359183972,1995143.2707680853,49,5,1
3508506.7801033477,2670792.6195613137,64,3,0
3411837.7703017634,2065463.486838052,50,1,0
1804727.5778018222,1920888.2774470858,63,5,1
4444180.415596864,2735261.1863902146,22,1,0
4391582.908269834,1767780.3646490788,60,4,1
4007670.1849636915,2213913.8512575226,51,5,1
3648119.2999372794,2257358.244956811,57,5,1
1876943.8869243786,1465527.637085561,28,2,0
3369032.0158519614,2793633.879629218,20,4,1
3485928.2252098457,1860032.194643673,50,4,1
2796584.096167572,1395403.8724057241,28,5,1
3758071.4325009864,2429207.874856323,33,4,1
4606076.285221808,1281225.6145671702,35,5,1
6829278.8518157955,2022544.9258953026,47,2,0
4261866.719247758,1992704.8026846373,27,5,1
4386325.586084147,2868716.4526652624,35,4,1
3888331.1263507493,2379758.5863039624,55,4,1
1121843.1770514376,1979978.433003885,36,5,1
3960229.1868261746,2654213.03936023,53,5,1
4090345.3149115397,3112166.0392138506,30,5,1
7694863.168727929,2446248.24508149,63,3,0
3711458.552828316,2008282.0958747044,20,4,1
4452321.0135004185,950531.0141198724,27,4,1
3947932.345442135,1147909.069539702,55,3,0
2246982.943570702,1755820.236516266,18,5,1
5714234.221772531,1512390.2382725736,44,2,0
5127899.549030161,1850422.9576116432,63,5,1
5186547.92056457,2045319.9399176857,25,5,1
2635918.8178078914,2423754.2034853846,63,3,0
6104191.466404149,1943600.977552727,59,4,1
1897223.4058115785,2389201.3150609615,34,5,1
4880285.640700405,2051579.5318480963,26,4,1
7285683.438714968,419626.74691690295,23,1,0
2514195.5123039675,1248531.6849449966,60,4,1
3150553.4055958423,1884729.9554227076,42,2,0
4149477.0476314616,1032244.205727114,56,2,0
3244786.5188257014,2479942.9839969636,45,5,1
1674004.8534008008,3224600.665874958,50,4,1
4102844.462209041,2975009.4813578534,54,5,1
2406544.4294108427,1829245.7032558336,26,3,0
4710388.645952772,3192580.9094799617,35,2,0
2620863.6486492953,2118933.9657616895,38,5,1
6324901.60752631,1730331.2231055684,19,3,0
2825120.061495644,1509277.8691672483,60,5,1
3516907.7256914866,1758024.2508094974,55,4,1
5220275.826054504,1689458.545167017,57,4,1
2153703.525349067,2136332.97790039,53,4,1
4341189.901906194,2128459.1848398917,60,4,1
5960714.131423642,2002436.8161227317,54,1,0
1588775.1481581586,2349550.53579708,32,3,0
4276950.787798456,2952517.019829073,45,3,0
4389824.191372635,2759643.308353059,35,4,1
5172734.3076659655,812081.6252400773,51,1,0
2144573.933682877,-43136.907921563834,39,4,1
2019315.0803735855,2747455.928991419,28,1,0
4782912.348425346,906497.0412676632,30,4,1
4445477.009849779,1820187.6784858531,21,2,0
4375739.275518815,1063909.5791525124,39,2,0
4519672.314245463,558415.6499359843,24,5,1
2979962.9176322636,2433170.18256383,60,4,1
4348380.545741505,2607324.1282421174,41,3,0
4439608.709948022,1538791.6794186244,21,5,1
2928472.8729604483,-72833.83371592802,45,2,0
6798661.766717135,1563004.4413980138,32,4,1
4710749.381367682,2313443.2043220373,18,5,1
2213044.7541960273,816870.744980697,20,4,1
4984830.412950745,2146687.9358233246,31,2,0
2537977.494659018,1987752.1206616035,55,5,1
5180626.905613678,2463433.199680871,18,2,0
5737893.368511106,2095664.2947313227,55,1,0
2768976.522472434,1221544.8472947557,55,2,0
5445064.193866483,2957257.201331593,38,4,1
4619171.390404748,1873176.341578424,46,3,0
5233090.239991735,1978156.3683920545,22,2,0
6845189.47398092,1253385.632741443,27,3,0
3631917.8259956944,1645374.1990467918,45,1,0
2869395.7534637656,1292157.8287784792,38,5,1
2665728.355561715,1861643.1520612617,24,5,1
2776284.572551843,3369366.7841138747,20,3,0
3884347.4358788435,902479.0856549148,62,5,1
4511727.962224966,709150.881698607,64,2,0
4415036.198995029,3176936.261994887,37,3,0
5240774.873554036,1832541.058278507,36,4,1
4019502.8378168605,1464741.8090720668,52,2,0
6180301.115735975,2831923.7499168613,21,2,0
3603014.750143066,1515507.5682105087,22,2,0
8080253.749884428,3460807.770837549,18,4,1
4938501.021647509,2542340.6970714154,21,1,0
2714263.6653755764,1609670.8734834378,29,5,1
2393661.2529083313,3725846.5706124026,44,3,0
4723708.622864778,1515428.0615973293,59,1,0
3664805.8220112235,2593676.2976074456,40,3,0
5071000.741138138,2239434.0643251934,42,5,1
4709856.436860317,3041393.0315190386,38,4,1
3890756.6310146907,3249208.9573814822,41,2,0
2729809.4228973924,2025603.3192526132,42,2,0
1727729.1629712032,1397265.7037230532,62,4,1
3330227.5718994685,2367977.714351293,63,1,0
5284598.191485208,1457827.7041983153,49,1,0
4321140.616195306,3610709.7980212984,49,3,0
2131391.831932018,2109228.26486619,22,4,1
4259771.388776773,1707742.758950313,53,1,0
4577976.069593255,2147744.2446919265,63,4,1
2674213.8456983007,922298.9683762428,59,5,1
4230587.658918292,1222708.7691914788,59,2,0
4087313.077669,2960331.1263555405,56,2,0
2285544.553254065,1474484.5768228834,33,2,0
4536681.0405224245,1162471.2138544484,50,4,1
4841176.789552351,2429322.202021829,38,4,1
5624576.864762915,2948563.3237303975,26,3,0
5580703.078052355,2575162.6485320535,23,2,0
1933495.9480643633,2796838.148644653,62,3,0
2593262.440127316,1394563.9291444314,52,2,0
4772552.90081299,862551.466606525,56,3,0
4770678.926368313,3201066.9215643895,39,3,0
4772571.529459072,1741856.1289262914,58,5,1
9779097.235982083,1799333.586835962,22,3,0
4856335.766039751,3062555.3134792466,59,4,1
5703348.460270898,2444984.007520528,40,3,0
5431002.645239804,2364710.2176652863,34,2,0
4977086.876958697,3732001.8759208675,29,3,0
3527096.1330394815,1485185.4156958857,40,1,0
5138453.830739901,2742272.1024649898,33,2,0
2840762.1781936423,2045610.4999176676,20,1,0
3644772.0898899864,2214873.8230906054,47,2,0
3271954.678256345,3222774.741130025,39,4,1
4122811.209079484,2406268.605031699,26,4,1
7471987.850010263,2430636.8632397065,46,4,1
1199102.2111123777,2858005.8698478416,64,1,0
5029390.28556177,1708037.8163656918,54,5,1
1580926.1932155224,1328632.2661287948,40,2,0
3292102.20131585,1164152.6447831732,30,4,1
5633425.895451049,426914.72849919857,49,2,0
4096420.028643194,3644965.7039522575,63,1,0
2383382.833106041,1117433.3074226535,64,5,1
2927044.4361100476,1822997.1011313824,40,1,0
5019396.623402013,1778549.3600888634,62,2,0
2904450.052424295,2245925.3582472806,34,5,1
4324687.884372963,2652589.7700314373,57,5,1
4068357.7598557207,2688378.790687796,38,1,0
3022599.4785912745,1533538.0491448492,19,4,1
7215916.133987988,1866302.6289708707,54,2,0
4950878.533477017,2226063.9603906395,23,3,0
962286.120013589,1801047.0990531624,61,3,0
4279681.472154141,3285876.460815994,35,1,0
3007320.302847418,2392779.961310601,47,2,0
5278650.002194336,2587902.228839854,39,2,0
2811218.8923509493,2530305.0149339302,50,1,0
3827895.3377996515,2938779.08598826,47,2,0
4757480.918470685,2144817.2469629655,34,4,1
5298632.791255182,962534.4416353228,60,1,0
2199555.3894163356,2319750.3614021135,49,4,1
3498248.1462385776,1478914.4849665368,59,2,0
3287582.0332585657,1577106.6546001947,31,1,0
3020006.151139432,2469091.2150040744,27,2,0
6648181.360421645,2990626.4571469086,64,1,0
4607472.5664414335,2017017.2613888492,53,2,0
2108674.0684974324,2247066.410079171,51,4,1
5376792.920582164,3361771.9557081903,26,4,1
7183234.29551895,2192602.543590855,59,2,0
5548697.890826721,4081346.491344316,45,1,0
1720945.0510689798,2452407.7165052355,28,3,0
3273648.890700623,591389.7926753459,31,4,1
5900366.7237799335,2602673.296883626,56,4,1
2938495.801571829,2304926.707906222,64,3,0
4665729.142219342,3031802.2032661964,36,2,0
5161951.080144005,2538545.081015967,32,1,0
2609604.2926328755,1889235.2128129809,45,2,0
3910711.9659073,1020561.4109685074,41,5,1
-861901.0101036085,1832781.3941711797,25,4,1
2463418.5379985655,1319583.6366325598,60,5,1
3621147.7729102597,1535581.240156222,26,4,1
2128325.227052726,2470862.7235364877,64,4,1
6448616.955897452,3335923.603481125,50,5,1
1854787.9330590512,2315737.223858385,50,5,1
3339933.2699545245,1043293.5503718525,36,2,0
4196110.865929137,2355682.1345761125,20,5,1
6161909.933599173,2957305.189316521,27,2,0
1846206.773230841,1512173.6765444942,57,2,0
5744745.628232439,1892786.2666616659,64,2,0
4015349.5915293805,2011750.5557833577,59,4,1
2527737.0234280736,1372081.349534208,18,4,1
4693155.211394906,2518624.347075087,46,5,1
4298589.543360205,1903241.4811137747,51,4,1
3099674.684261808,2335625.9551256225,30,5,1
4104703.1274850285,1290006.2577583198,18,4,1
3422029.60470736,1650033.3597412717,51,1,0
4170276.017876872,2577905.086262217,46,1,0
4993196.01178157,1701733.4783265865,64,5,1
6379025.224218028,3381571.0809867242,30,4,1
2143276.7517597266,1680291.0515083182,46,4,1
7199550.061984399,2179747.780601509,56,2,0
1071868.300716247,2746072.665498472,41,3,0
3772322.357446625,865307.4136535747,43,5,1
4882475.809726865,591352.9504153794,34,3,0
4421487.801602549,779474.9483439242,24,3,0
3065950.720269109,3010067.282741746,30,5,1
3687816.624464087,1558513.4832860427,22,4,1
3260498.5980117507,4046559.428534602,43,5,1
3115952.8645836827,1548601.9210740891,20,3,0
5274403.145531537,2147641.0425576298,24,4,1
4535523.228947571,3233687.9620543006,56,1,0
2960635.6071090186,3604874.3105272986,18,5,1
5349399.813149876,3649202.8613091186,34,5,1
4460949.281314914,2966692.9844745137,60,4,1
5219293.17825844,2819250.02064917,42,1,0
4944443.262885419,2474021.5593609465,20,1,0
2756507.4836168913,2622688.8609333104,32,4,1
3159728.439704546,1559051.4269371734,46,2,0
5120940.407684892,1345440.8932621544,60,5,1
4915555.398150197,1997300.4340712384,49,5,1
3968647.609053778,1863852.3019800573,43,3,0
4175991.074963173,1637417.56053818,33,4,1
5916497.343682637,2557109.957965372,42,3,0
3112642.916746255,2764244.1668564086,45,3,0
4820646.071755057,2070725.5090334779,26,1,0
3696711.021349159,3182024.0648442097,18,5,1
3673478.1951591694,1086648.708693196,46,3,0
5648165.277980785,1845072.4325762256,39,1,0
5238124.523482045,1426542.143517756,33,4,1
5220264.454000957,506770.7063415521,58,3,0
5958218.210731493,1933855.4513258405,61,5,1
4031505.762449139,1902601.9932933731,58,3,0
5022929.456942446,3210759.794593705,24,4,1
3534599.865109816,2504649.347643822,31,3,0
4486249.528732663,1180650.540536636,46,5,1
3804785.4184484733,3483274.0530673508,36,1,0
4145493.947489077,2976826.9564202824,36,5,1
4892735.53815537,2465678.1627748925,19,1,0
2772668.975149791,1818812.7209201343,58,2,0
7138580.913528191,1232448.6106212162,62,5,1
2490973.927750447,1702234.5791431577,32,5,1
2178717.0808184016,2870998.895763349,20,4,1
5737166.310250102,3507669.044747687,28,3,0
5187494.040944404,3234594.8226177515,63,1,0
4936179.725578233,1608920.4625709807,47,1,0
4942518.26389642,1104306.053368791,57,4,1
3981629.840729628,2112708.9975289633,35,4,1
2654118.4427712527,585248.5075497187,19,3,0
4113706.8372905897,2258534.1713478253,49,3,0
2984257.4327318324,1881917.930961065,25,5,1
5462679.600126627,1627170.7985054061,39,2,0
3779413.927746792,724237.5461865636,23,3,0
2761754.2048112326,2410880.0852557733,29,4,1
3517921.23752051,1573839.328270471,64,3,0
4619397.181413436,1064066.5314317695,57,1,0
3154413.170794038,-297809.77062531933,53,2,0
2766669.4066503528,1977988.075959491,32,5,1
4365530.817237869,3417801.2773357956,45,1,0
4367449.856663085,3329007.371638296,62,1,0
3239585.2369433055,1634322.9947309825,35,2,0
3293442.541572516,1518230.3517105756,19,5,1
4348074.906036454,2375019.4048600188,30,4,1
1827873.4877540139,1201291.6486493668,62,5,1
1888804.338435167,2241433.519855573,32,3,0
2922333.6681213463,2612864.222707752,37,1,0
3679829.272432229,2981546.579107446,46,3,0
4466361.348397007,1919876.7388160378,59,4,1
6213034.325424328,1837060.9998584273,46,3,0
5286489.4348030295,1297613.9305947511,20,5,1
3760092.205054859,1338495.716768112,36,3,0
3971475.6881459667,1818816.8864787787,20,4,1
2496205.9530432867,2293892.4054529425,31,4,1
3972230.2960114153,2730867.7009865995,57,4,1
3567012.0416197926,1357456.8394557242,21,5,1
4484077.840507134,3194150.855167617,28,4,1
2759153.5846715155,1783101.1191659449,48,1,0
4779019.771361759,1982906.164521251,60,4,1
6299108.369503867,1402230.6566817411,49,3,0
3836859.7773147137,60607.791781646665,44,3,0
4602567.583148412,2707236.3170888396,47,3,0
5035215.987566669,2589475.1176739465,60,5,1
3398169.2921712454,1774937.9543054292,19,3,0
4336138.722715626,2053592.5737798975,26,5,1
4018888.601172692,2412751.3741632793,45,5,1
4146514.1478232476,749963.3144907658,48,4,1
2840485.3242168003,1576757.8581229642,51,1,0
4036765.261388414,2635411.7436974617,32,4,1
4746997.436868175,996568.4614646005,42,4,1
6176715.4116925625,2234846.3457333036,53,5,1
5438906.23912781,914734.556301276,25,5,1
7229773.686267335,2373143.985946821,26,3,0
2848978.6556679257,1971486.8141620131,54,3,0
5308480.955081018,707894.5472755923,62,4,1
4275013.008607527,2931791.483565737,56,2,0
7284704.399826508,1412326.7385615606,49,2,0
2787552.571967273,1351798.0503884952,34,3,0
2740417.236728836,2160455.357784754,52,2,0
3100911.0318339667,2918909.879542972,54,3,0
814156.4135352895,1187342.5448172824,36,5,1
3211367.4674788583,2049343.8798783773,61,4,1
2861301.007669453,2343053.2002644585,46,1,0
4225590.679714312,2554484.4858105155,24,4,1
4512633.963665739,2141153.24422178,45,3,0
6814256.258823829,1706377.7287333421,26,3,0
5425635.757279076,1337927.8234810242,45,4,1
3134644.5165063953,2068915.1064370999,23,3,0
2652377.992977463,1142288.7904115145,46,2,0
4737878.757259758,-337080.3867956861,34,2,0
2019650.1894690366,2349247.843326134,33,3,0
6747188.148781531,2723147.872868956,40,3,0
5769160.18108193,109654.05156652932,48,2,0
3296236.5218429426,1192215.43623205,20,3,0
1430298.2063636836,2495323.408804158,38,3,0
6030808.561248119,3645996.375769359,43,4,1
3828190.232121073,2016634.9661403263,53,1,0
5856724.467960193,1417597.6470166924,59,2,0
1608358.5118084494,1853682.8471161278,54,4,1
3100937.4655693406,3099901.135318548,39,1,0
4007865.549577275,1483228.6567003718,59,3,0
4070470.8906471133,1360646.394679797,29,3,0
3324901.7927811346,1613805.182254374,59,4,1
4934274.898521248,1237337.1133930301,30,3,0
2398569.3559261085,2098136.2527958364,28,5,1
3786430.77246806,3299742.7667756486,33,4,1
4180443.4475678485,2258463.4184928234,25,1,0
4771658.251088124,1798117.19829897,57,4,1
5067422.317133334,1766550.9848675646,57,2,0
2313036.862243196,749447.3530426743,62,4,1
1698828.7438965668,2706487.821717727,19,3,0
5916515.232847763,1937730.2423897584,47,3,0
4498471.017969388,1855616.0691274996,47,5,1
2877270.1951651694,4554486.054275889,29,5,1
6326727.963283785,2239002.326692549,27,5,1
4173511.951439288,1398567.1599238524,61,1,0
5768945.77609574,1658913.9230355653,28,5,1
4101277.722115163,2918756.5673574037,32,1,0
7091121.887322981,2090616.3284302116,33,5,1
6633011.263664806,849377.6173461066,34,1,0
3626553.7772813896,2735383.1476601628,43,4,1
5457356.426431533,1465484.731568805,19,4,1
4968063.924377721,3498638.2209740365,29,3,0
6052947.3362985235,2864038.452571719,43,1,0
2552614.8091298435,1642142.4834729992,40,2,0
5029077.189997659,3024813.08938809,35,3,0
5587636.730274381,2054284.4084219227,49,4,1
1361890.7703653285,2682218.9400977753,55,1,0
2225112.231001337,2387786.25383558,64,5,1
941151.7333598491,1322914.676007301,20,2,0
3595889.7483331636,1485160.1341460305,55,4,1
5076313.383693944,2823968.654064929,20,3,0
6253535.578144042,1732179.7343147672,47,1,0
4111142.170629663,1677081.2294064027,18,2,0
6442923.318356938,1235901.9365205178,47,1,0
1929847.8126776628,2338879.252474769,62,5,1
1444926.3409672682,3650019.935394516,49,3,0
3916678.4516550717,1145973.6685965816,45,1,0
4576098.173408961,2019375.5653382065,38,4,1
3950957.8778588604,3129776.4443323435,63,3,0
898836.849940185,1936286.8870034278,30,4,1
3866319.9407308176,2361897.436999787,44,1,0
2043295.7492427202,1150085.1774824962,53,3,0
5004508.823245058,2342645.677766119,24,4,1
4549897.369145272,1850284.5879963608,39,5,1
2590180.320508967,2788583.9965438903,27,5,1
3229199.6239949595,2949908.841251801,56,1,0
2411179.717166573,4071650.913614891,32,3,0
3905981.354090242,2463706.5385708604,32,2,0
5432713.480751857,2260637.053265733,21,3,0
2521410.9304966843,2155507.441261869,49,5,1
4756069.773276767,1717466.9657514493,40,4,1
3204613.5724413386,2270787.074769353,23,2,0
2810690.751606484,1763678.8718887765,41,1,0
3839454.4600681635,2134768.7810156913,37,2,0
2447136.516370939,3054078.028486368,54,1,0
3169526.041979227,1194765.947776287,37,2,0
2203183.1611167276,2911902.8489032364,29,1,0
6947087.6993745845,3053692.0538718924,50,1,0
4052895.327957593,1905545.178407137,45,2,0
2950411.7380111217,302516.0807931244,25,2,0
4320969.866101333,1513742.410324454,18,1,0
3831507.925463755,3037595.6372488877,54,5,1
3668545.6007001656,1981705.5501608944,39,2,0
4921250.050065137,1200558.2141640713,23,3,0
5136261.565070958,1596180.063017426,38,4,1
3204248.278584209,2672496.0212036427,49,1,0
3136272.63903298,2437386.8545611035,52,1,0
3587422.4542725338,1808854.3206642445,32,4,1
547118.2528966228,1706540.47054825,22,5,1
1727213.4067021715,1686593.4807649425,63,4,1
6050311.401166787,1262071.852401198,23,2,0
6467451.570251925,3292300.5515755536,42,4,1
3626445.9406654327,1742143.624630928,63,1,0
4864835.44458365,2973726.816660397,57,4,1
4466875.231815305,3217052.841537961,46,3,0
8618321.212682856,2798648.7185183684,24,2,0
5679362.367151866,1654703.7498255614,57,4,1
3808123.6127788504,2322984.0722692874,30,1,0
2566689.3390993616,1980643.514887267,55,2,0
1590330.5196136413,1277038.5114158974,35,1,0
4305195.453800835,2259487.4253772823,19,5,1
2865473.882073545,1056768.1670721578,25,3,0
1866619.4356034887,2950143.510769251,28,5,1
3030140.67363621,1628306.1621612855,50,3,0
2377677.9945784076,2160927.7246982716,55,4,1
6530712.452608847,2226630.297236914,44,2,0
5322459.635424176,1792876.021036738,37,4,1
3988041.038025074,2469355.04118022,29,3,0
6219916.208335038,1620077.0747019805,60,3,0
4116052.461471427,2697037.8379657953,48,3,0
2708073.6980076046,923216.2558026011,44,1,0
6284686.115904486,2101103.6636371296,49,2,0
4808365.065526988,3551143.1992466277,27,4,1
2444130.7685103156,1199734.9403155402,20,4,1
3714491.9828745876,1457804.0235801188,62,5,1
2686572.6199228643,2411126.279727132,44,3,0
1925800.4035534959,2143665.4255516785,52,3,0
5389266.321297462,2280504.0794188473,48,3,0
6864124.960705196,2391349.7041181307,32,4,1
1902148.6392712882,2507777.174849416,33,5,1
4844453.855035856,2887759.8735649786,30,1,0
3024036.1463172594,2327854.92554281,52,2,0
3269311.924352956,1806993.8763051662,28,1,0
3111409.113641696,2538058.960962185,38,4,1
2704013.8454802763,3519905.5479161725,28,3,0
4072782.4419172406,1893893.0028939412,47,2,0
2753574.8253834434,1220376.5562634869,52,4,1
4405685.238669759,2885664.5354295783,39,4,1
3924642.8358262945,1903695.0688371214,55,4,1
3641577.9297003853,261864.36318877107,48,2,0
2638654.5069376035,2677937.341720337,31,2,0
3134843.0041475007,1571737.4512368618,41,5,1
5133086.838738634,1927573.3741566713,49,5,1
4751375.781436571,2265584.264455212,53,1,0
2533667.1328021735,2152399.743823253,49,2,0
4148998.4581438387,2567561.4537112317,32,2,0
5127080.685057684,1651610.9035441254,60,2,0
1495892.0783179426,2410484.6385408663,52,5,1
4815040.288569903,1792362.6579328664,20,4,1
3006064.36158123,2591048.3847100027,33,3,0
4855898.002889739,2492293.987210443,22,5,1
2855111.2651862246,1251649.0383643238,38,2,0
1292676.8490032214,2868785.6929400256,27,5,1
1558686.3431752562,1571229.2439087615,36,1,0
4072127.419992073,2646446.238624916,42,2,0
4389583.752582223,2293829.8507210724,21,1,0
2643525.062343387,3470546.941436098,46,2,0
4957888.6881660605,1821227.2141025183,36,5,1
1507719.90659656,1720546.563105442,60,4,1
3900880.3020290253,1984464.315289814,19,3,0
2183475.700356315,1757456.1737325797,27,1,0
3022245.8382967613,2639953.5215536403,60,5,1
4071098.006974621,706951.5132507298,42,4,1
2709379.9520740714,1157054.0646829167,37,5,1
3423166.683655262,1145757.6627366454,36,1,0
5509439.213821661,2760246.0735788606,40,3,0
3134662.195715277,3368490.6980655403,41,5,1
5253538.168097713,1916440.6251700227,28,2,0
2305439.7180135725,1864942.6214479916,63,4,1
4794706.266872924,2056041.730490545,51,5,1
6162352.9309868505,2929502.6420865525,45,4,1
292533.24980906583,1258117.4926475408,22,2,0
2804657.116794285,2190695.186187828,22,3,0
4865608.1907708105,2780158.1038259435,38,3,0
3695431.920935511,2400875.3359518764,29,2,0
4556718.810056963,2151665.2932789945,21,4,1
3094022.2199262693,2800836.874053713,59,5,1
4129884.68120935,-162585.83439938957,37,2,0
3766484.146911881,2542300.255624726,55,1,0
5751673.092489711,1476739.4534980608,42,4,1
4381631.26495182,535493.6825148345,31,3,0
4506403.993112803,2408962.0796199846,28,2,0
3382184.550816299,3098926.836130366,49,3,0
3268590.6638912596,1890041.1882978466,28,4,1
3351162.7182705686,2762299.637762351,35,3,0
4591678.213567445,3289822.6063909163,44,2,0
3368523.278769606,3051931.562867238,35,4,1
4434662.285344619,3311971.6234971145,40,1,0
7113101.197968159,2593701.992857514,28,2,0
5306687.055147538,2060346.9111212743,38,5,1
3510964.7017482384,718427.3504822652,61,2,0
5801820.883245917,1803150.009496041,22,4,1
3387886.940467673,1325402.7237470467,40,2,0
942813.1972332192,3736754.173998251,58,1,0
2487870.5336238937,1859291.3500541307,42,1,0
1193812.1184612163,2098563.8454275886,58,5,1
3472729.773938037,2441188.300832374,27,3,0
4027627.5687843277,2034881.957097963,39,4,1
6514655.968412925,3356040.8323446023,36,4,1
4490391.060646244,1501880.5106124384,18,3,0
3671349.206786704,2155685.9641897944,24,1,0
5244108.371775234,1406023.5314415614,21,1,0
683297.0364881721,943981.9910234353,18,2,0
4353421.837162849,1510584.7272757716,32,5,1
5156297.79083045,1970370.5623612704,57,5,1
1782120.6313302377,1656558.220386192,29,5,1
5715631.064810393,1446063.2161009153,39,2,0
4507744.611241621,874946.0290625328,39,5,1
3377068.129148798,1933515.5418970443,64,3,0
4949172.799159427,796223.7007751982,34,2,0
7406039.286706594,2608044.7709516822,46,3,0
4272799.382587743,2065951.8023476026,63,2,0
4372330.879450504,833958.8004280555,31,5,1
3310958.6506896336,1752632.7383601093,37,3,0
2725233.4458028125,1398274.8755275335,50,3,0
5245503.724816369,2255339.608335344,60,3,0
2715874.2611366995,3072360.356818516,32,2,0
4107349.3558290885,499862.02428340423,29,4,1
3283513.829852325,2092020.8633179336,57,5,1
4718469.738619588,1871893.7635466878,37,3,0
4500493.157930423,2537072.0611603726,47,4,1
5556309.916386848,2170557.3025901513,55,5,1
3234975.4017178793,1398424.5346089448,20,5,1
3595187.5970599432,1744756.8514667056,45,3,0
2531854.426326539,1363179.3145572087,43,3,0
3333560.1098858328,2860805.710878879,47,2,0
4565950.739567278,2017049.3189375538,30,4,1
5135482.9249680275,3520952.548602406,30,4,1
2616752.013733562,1951471.3489483034,19,3,0
5304408.8801584905,1433274.5864716298,54,5,1
6033456.788207427,789028.4859097383,55,3,0
4620152.354835551,557488.258995244,19,5,1
6815193.718837099,732691.2455956081,53,5,1
2839316.2013446405,2213701.320809187,43,3,0
2133017.945032874,2406980.018583947,28,1,0
1331919.6266435822,735047.4383742933,25,4,1
6244066.467233775,2716030.6512608924,61,5,1
4981548.484531087,1613551.1586532483,57,5,1
3916622.9936343175,2117434.4095884394,60,1,0
4419952.93947973,3289776.5026043393,39,2,0
2311766.4290524353,2717471.4526924253,37,1,0
7668627.96942524,1785175.4816753343,25,1,0
4193831.772962841,1287046.21966777,46,5,1
4164092.1919073393,278547.678936556,57,4,1
5088649.935848038,1424677.3446060638,43,1,0
4721513.84760507,1831095.8089378444,47,2,0
4335826.036418697,1210256.3782790527,34,3,0
2814288.316832032,1894994.4263261561,37,1,0
4707202.535703993,2061481.5063670145,33,1,0
6823036.74471255,1820115.214553537,63,2,0
6018130.069232467,1479997.9353412322,60,4,1
6389779.939959096,2134923.737573382,24,1,0
3233176.485353222,2353552.519655527,33,1,0
2515592.769612129,1127680.7380457232,62,4,1
3811319.619850528,3128745.903797016,64,2,0
4083587.368433042,1921129.4941725906,44,1,0
5641287.277706423,2015079.6983558782,40,4,1
1461303.055427771,2566571.5386052458,41,1,0
6294325.4791909205,2186572.9050108013,26,3,0
3762988.152131516,2762509.307130596,52,5,1
3359678.39507887,2229699.332161459,37,3,0
2481843.437109749,1510050.1002876498,54,1,0
1517714.992201346,2289202.820164881,59,2,0
5234755.875942872,1085019.0341434707,34,5,1
4109976.950782606,2086847.7646212184,64,3,0
2065058.6503884192,1973416.0074844314,48,4,1
2057381.841904576,1833506.5141819683,25,2,0
3496322.951064808,1897169.9908488553,32,3,0
6503532.287934089,494520.76360188867,48,4,1
3610612.9729545927,1561020.0738072307,47,1,0
1745285.5703228405,2074275.9209128919,63,4,1
3631385.4038710836,2127885.11359792,37,3,0
3590914.645378494,1177859.8872592335,56,3,0
-45329.96441235766,3012566.2726917607,29,1,0
3918557.7002232815,1307060.1214283993,34,4,1
3653598.204686983,2775565.7604213897,59,4,1
5044309.547220128,2341755.4894973477,47,1,0
6773434.142418018,1483018.1521249576,46,4,1
5689847.544321636,3420248.7140876097,36,1,0
3596666.964167754,1045090.5345948159,63,2,0
2340211.1368874945,2735323.338888001,28,3,0
7860039.704874791,2800465.8544343826,51,2,0
4088827.6510217325,1463503.832738684,24,5,1
4020893.9378694193,3113972.2400514632,61,5,1
3963812.3693349953,1799962.7883208378,51,5,1
4297127.141151782,2230954.903423886,37,1,0
3783459.3821140863,2208257.4710169765,55,4,1
3139506.9896796457,1892553.0068235619,41,2,0
3179711.588139412,2648646.618527826,27,2,0
3950870.0946760024,2634790.9764417703,49,2,0
3184862.8432993526,601174.4214094554,32,2,0
2930731.3259842535,3043472.194302522,54,5,1
4159645.3415378453,670006.4095714604,37,2,0
3617534.173868717,2826036.9634733256,20,4,1
6255989.482874033,2901364.1094620666,54,5,1
23545.287410481833,1127226.8558278414,57,2,0
5637260.277883693,1671348.569636332,25,1,0
5869127.788746444,1115436.2652112516,57,3,0
889914.6513877758,1828063.1757690117,61,3,0
3485968.608879477,1753572.572651407,40,3,0
3442838.701006313,2623728.425815472,57,5,1
1888732.457923268,3048246.9968956867,28,2,0
2833274.968613687,3116547.048631965,63,5,1
2334136.2318012565,1550265.5787373583,25,4,1
6628405.665135434,1832622.5010043778,46,1,0
5403517.589721192,653249.4462232399,47,1,0
5907332.642491238,1355303.946803049,27,3,0
5082508.096064853,2771881.306477966,56,3,0
2306422.3431741563,3292466.2588385856,45,3,0
3213219.6005803393,1012520.9024960623,53,2,0
4734061.841841877,1526028.5926776845,30,4,1
2166808.286662082,1978875.3944328583,49,4,1
5069497.645258582,2224128.9270556853,53,4,1
3639511.9027627977,1352317.184062683,54,4,1
3437768.7886756035,2339248.835571272,43,3,0
5066439.952305237,1620928.5223432672,39,1,0
4666394.96722906,1988438.1832973766,21,3,0
3458550.75127138,2437027.3984029596,48,4,1
5738994.7050463725,2005137.8158487503,35,3,0
2378405.008600154,1650891.287578745,55,4,1
4923903.410416395,1912312.1568593353,41,5,1
4889651.886952575,1929309.6326357317,40,1,0
3535680.3410290144,1703991.1760942978,39,5,1
4489199.5333631765,1792963.149866318,19,2,0
2123329.6354220454,3278917.7364037735,48,3,0
5386040.528810351,2448735.558352991,28,2,0
3722646.7953355163,1763615.7455766718,45,3,0
3215915.4692214406,2557563.5236085886,63,5,1
5573513.838755334,1732944.408195192,49,4,1
2943484.464185861,2938499.710069313,22,4,1
1887308.0554546607,2295713.753758475,55,3,0
1665056.2397141443,1914158.284796617,27,4,1
4909014.92701846,2358173.540648222,57,5,1
2079355.9712555753,743299.0783452005,63,4,1
6632191.2729765475,1098586.0248721559,41,5,1
877105.888174417,1044859.9948807557,52,2,0
6544684.552435057,2114354.4758109655,61,5,1
4316526.200803928,3386011.999588073,40,1,0
3854930.332194411,3785040.116954106,34,1,0
3182621.3697865754,2510440.8811526056,18,1,0
4598704.171528107,2400675.5799555657,48,3,0
3943547.9463627273,559153.8126778088,48,3,0
5654952.823024782,1565860.9602127825,59,3,0
4171341.4729930595,1369772.9984734089,59,5,1
4225452.642192816,1503321.9213991072,51,3,0
3454581.681679216,1865484.9451321682,26,2,0
3914581.564418399,1622327.5378422982,39,1,0
4461702.653338089,416560.1516993698,30,5,1
1434747.4110150617,2598328.204894027,42,1,0
1977721.8668414305,1141805.5794081548,35,3,0
5114896.141034072,2191397.4912889195,29,5,1
4256298.157191913,3659266.135799979,57,4,1
3724024.995470981,1264492.3267308613,34,2,0
4027650.8995980895,-24230.018197063822,32,3,0
4521372.558042507,1771196.6224959113,59,3,0
3190360.479535958,2880767.707998857,32,2,0
2832542.911896531,3566677.963376475,32,2,0
4293767.8826465225,1016360.3244380666,56,4,1
2532440.833577452,2397359.3785892176,30,3,0
4612379.133571708,1627751.6345759574,34,3,0
1446124.5936432392,1915241.3165566914,49,1,0
5543733.455988465,4115474.6776136276,26,5,1
4708896.223619564,797623.7372838773,57,5,1
4384044.601470813,2202991.7291956586,37,1,0
5474036.475918271,2374154.5374123463,43,5,1
6498211.666693864,2868629.0599514777,44,2,0
5521555.097527196,2078386.5227767164,38,5,1
1238688.6530025322,2246440.4316032818,35,5,1
2080634.5498964477,1686681.1460625671,30,1,0
3062772.1334564816,2215301.552996086,33,4,1
4039136.575316251,1725446.1796020716,26,5,1
4776488.530703684,2497257.5118848407,29,5,1
2911384.2802698016,1704311.731165093,61,4,1
4280150.146715618,2301680.3151217494,55,1,0
2866925.601470016,1976589.7490520172,36,4,1
3082723.2955120774,2900840.2006177343,24,1,0
1890008.3547276668,1958885.021129211,52,2,0
2615150.1308336435,581574.025434495,35,1,0
1972473.0915754996,3009537.2005711934,33,2,0
2536190.120534001,1275414.159309905,56,2,0
5580462.694911759,1476986.929080944,21,1,0
2575901.6667520856,1523470.9647652064,42,3,0
7948573.097256087,3099550.4745366536,49,1,0
4739976.851321334,291460.6288170435,57,5,1
4277254.185542311,4510198.826927995,30,5,1
2712463.3297281796,2844845.4472528417,62,3,0
5050464.819113487,2178591.1313033276,34,2,0
3136543.2606433393,1956084.799506971,54,3,0
4183014.721968042,2228443.2598861256,23,5,1
7840126.807403192,2416897.9427034706,36,3,0
3855910.150413025,2516172.4687600457,30,1,0
5723909.989428514,2444483.572802759,43,3,0
2945235.3623111686,2071664.545004199,31,2,0
3947517.2642545574,1842129.2637541392,48,1,0
6656200.953453265,1878981.3730771907,21,4,1
3059549.413318349,1844073.3757178553,56,5,1
6718672.836995393,2907016.077493652,25,5,1
5061627.903183213,2474845.3778246893,42,3,0
3156299.836158599,-352310.9077314241,30,1,0
4948611.608583282,2524720.6212238087,49,4,1
5458831.674440095,2155788.9557750197,55,1,0
4932714.943325794,1985032.994843282,55,5,1
1644662.9201643155,1689185.2375288913,45,1,0
2909294.236262697,2899290.175988811,47,4,1
3628722.046672743,2758021.1696982863,20,3,0
3888349.8563499306,1381697.8657411127,45,2,0
4931008.146326017,2325641.829699628,20,1,0
4266551.50139988,1222674.612366971,62,2,0
1996983.461934848,896305.4681688556,51,5,1
4570296.776508945,1498626.2203280278,33,3,0
4915878.617925735,2689914.777906207,39,3,0
4839685.67189656,2762500.036300869,49,1,0
5621171.088331932,2410468.3360778345,55,3,0
5250883.231823356,2580076.629478398,25,1,0
4688770.118842655,2412942.629691967,25,1,0
3894751.4328120295,1486814.7238216382,23,2,0
1508558.599726013,2345538.0357391527,31,3,0
4644427.328698879,2640327.620182146,49,1,0
4311531.530744666,2603433.063850859,52,2,0
4407368.25579306,2951130.697179714,27,4,1
2084877.1362695359,2566643.077760851,20,2,0
2378415.1893876065,2281158.5660332665,29,2,0
5579729.279999355,2856120.190653142,48,1,0
3940667.2692150176,1978782.992600752,46,5,1
5022251.046058937,1294500.2790178256,22,5,1
4042477.5641956916,1869546.4288449888,42,5,1
4044634.209243618,1404077.8841548408,58,2,0
5407425.708963997,1459857.3800204948,48,1,0
3225932.907673939,1884385.0634275856,38,3,0
4144181.165411475,1366064.063200031,37,2,0
3306587.066942436,1753630.7762887678,56,2,0
3348255.6588515267,485108.2664369715,39,1,0
3536241.814797041,2170634.965898351,21,4,1
4333200.657450569,2000964.3802897793,30,2,0
3281877.067504784,1346329.0951454476,62,4,1
5883634.188360281,2527396.534745924,59,4,1
2658089.046670744,2750056.1101012467,37,5,1
3719692.5337579614,713952.1085048206,30,1,0
3340403.412588738,1389820.1771470285,34,4,1
6170466.8265306,1384686.1201701614,53,1,0
4294832.164767362,1248077.5191129083,50,5,1
5547766.809202952,2663579.873545399,18,1,0
1771659.440444542,1844939.0889817572,32,2,0
4400575.398803888,1788388.1269515115,30,4,1
5334446.193435156,396910.10847459733,34,1,0
4123425.983913136,2508334.424167381,41,3,0
5598220.562598027,1008593.284117222,25,1,0
3224067.3248494416,2047946.1042130627,44,4,1
6114021.16027837,2221901.5503665535,62,5,1
7448347.1854288755,3088526.8766709208,40,5,1
3455742.1593405115,952943.6807047103,63,4,1
3331746.2178988424,-415609.7246566601,25,2,0
6180076.715676552,2147079.635802956,25,2,0
6369358.218596069,3440408.9452086827,43,5,1
3215709.9592700973,2991157.08235155,64,5,1
3369719.7743562143,2167727.5322197005,30,4,1
3577323.086709239,1606691.051494362,56,2,0
1983324.2334485843,2645698.0773098483,54,5,1
2622022.0802737027,1221163.0402364251,45,2,0
2493788.849871898,2381086.2154849754,42,5,1
2848303.6523438073,2404376.1273333016,33,1,0
3947972.6689198283,2848167.925999104,19,3,0
4351322.098804781,4207728.031128862,35,1,0
6325750.739221115,2313932.773743014,34,5,1
2502468.9388918136,1592829.099434001,47,3,0
5476483.597714876,1979540.5502464045,56,3,0
3679016.7336617364,584739.2760887053,30,5,1
3925804.4355213507,1444229.4951287536,49,5,1
5012229.238249905,1672574.049509517,46,2,0
2315916.967656552,1580729.281652326,63,5,1
4573614.619276076,2121883.8976269774,47,4,1
4249678.312319584,1342064.0540942396,35,5,1
4738676.896012223,2896824.533859577,30,4,1
4433752.9658617275,2000165.6519345576,60,5,1
7682950.209866341,1992559.7430891085,38,2,0
3043390.023623026,1737684.2267896656,47,4,1
3203504.5674972734,2124152.547087183,38,1,0
3065289.2103628535,2660078.6117341076,34,4,1
3166784.321259618,1306295.8274312797,57,2,0
3043919.3090402232,1473506.8087397947,36,4,1
5783524.796661328,1757019.1769786682,32,5,1
6130756.371984782,923303.2612214282,26,5,1
3143880.5593757858,1344593.7122228018,27,2,0
2751466.6403436568,1619023.3011642727,61,3,0
4707123.334579607,2699511.3445701823,48,5,1
3171665.4335785434,2210049.06320154,40,1,0
4949397.726633267,2154871.9290940356,47,2,0
4304384.53127695,2680718.3697343776,50,4,1
1726383.827504152,1890102.5692804826,26,4,1
6321257.801995093,2312371.879943112,64,1,0
6693816.509643283,1917422.597654003,18,5,1
3080816.9642734206,2212289.879519703,61,2,0
3418447.6600960237,1533793.0739107344,52,1,0
4428798.086087357,48946.27337885671,28,5,1
4501685.184980538,1892576.6702509567,51,2,0
4987816.409009246,3138198.508879952,33,4,1
7015306.808149524,2740972.321793274,26,2,0
3734579.1587589257,2772317.9876729366,49,3,0
2802554.1331923194,2988904.5774449743,32,2,0
1931021.1579782092,2070926.07276915,29,3,0
2903604.9400871214,2157852.5659244764,50,2,0
3950309.5406893045,1505878.48365252,62,3,0
6691836.795276681,1747141.7151783602,31,4,1
3223583.051445743,2492616.919816913,25,5,1
4335681.927458348,2963107.549735053,25,3,0
3975365.655890872,1888442.9794552003,44,3,0
5782589.910172126,1639848.5881188707,29,4,1
7790398.6388104325,2000422.3670852778,18,3,0
3203696.840619519,2480965.3991432916,60,1,0
3265840.836222667,844916.1470931666,57,4,1
5566241.315603608,163055.23749020952,59,1,0
5022837.234439467,1559570.5204067333,28,4,1
6770060.98860405,1023430.0592686731,56,3,0
4875892.277988946,1593487.8418821513,60,1,0
3461061.8638194106,1881775.7449460228,48,3,0
4885982.246038464,1637401.2727815893,34,4,1
5663055.370874362,3161974.0275765965,50,3,0
5230723.271796046,2261395.811681856,49,1,0
4760911.046660947,2240379.4876886625,46,1,0
5600012.034383731,2497765.7152347215,38,3,0
5753943.385668509,1088933.5057753846,38,2,0
6073238.486556291,2831289.429936215,57,4,1
4973064.831384464,1939388.570771632,40,4,1
3749322.8795247185,2536384.49379297,23,3,0
4220070.529649984,1142514.2135678758,39,2,0
5809763.449762535,756992.9871871485,55,1,0
2774596.493519146,2654311.726420023,54,5,1
4553009.963309351,2301127.6208780133,62,5,1
3409991.781508959,1278358.7565139919,25,3,0
4043117.2344022263,1304269.5349802445,58,2,0
5917677.793910949,2900347.8275318155,52,2,0
4286648.602029855,1048470.4857061377,28,4,1
4069654.822234223,3314138.362604771,41,1,0
1960215.788530121,1279503.412281705,38,2,0
5119380.3490408305,2510713.5404867064,19,5,1
4968226.271711613,1737105.2194008124,57,1,0
7244882.08495819,2482549.9448658745,36,1,0
3538332.6475704988,1564708.7983086458,56,3,0
4328725.491495908,1869765.6751421646,45,2,0
4374075.525566133,2032735.3403165769,34,3,0
6366179.919645212,1198250.0353748219,23,2,0
3857056.701419572,2592659.4763361006,36,4,1
4418532.288655509,1589429.146822732,55,3,0
4911844.764574809,1817120.067727985,45,3,0
4279913.684734537,1204520.5003131903,19,5,1
3330349.5781742074,-49866.92703624838,55,3,0
4291134.989347462,1847177.7899198649,54,2,0
5610447.624789658,3930092.3372903327,21,5,1
2460227.0508834096,2627683.430318419,39,3,0
4199454.511220314,1984591.6962124843,43,3,0
2949818.77759124,1789687.3366333859,60,4,1
5792569.943387263,2017972.7142496372,53,3,0
1715219.6428243378,2437695.292140168,30,1,0
3161617.2290926175,1055349.747752924,49,5,1
4565817.812596781,2891457.3557350975,34,1,0
6348286.043851511,2572305.052352995,58,5,1
3901374.6083905185,2574548.5805663476,53,4,1
3167200.7099602027,2350780.591047782,63,3,0
6821735.604160885,2015693.326155192,36,3,0
1827979.1493756338,2538288.988773456,52,3,0
701791.0650698771,2473451.3069931027,63,5,1
4660021.675079999,1716767.431247181,57,3,0
3246918.663471083,1541118.5816824792,45,1,0
2468150.77430393,2081485.0362095893,18,3,0
5062534.67094903,3239216.12119615,59,4,1
4365701.070656798,1008714.3394768793,35,1,0
3153882.0538949072,825979.787398048,57,3,0
2079543.4019936584,2131808.6729892134,50,3,0
5308685.992420217,2040710.1614848145,29,2,0
4975301.766937992,2138673.3314963267,25,5,1
3851236.204330926,2195162.5583268004,41,1,0
6769955.4940714985,1821438.196292156,33,2,0
2394872.8505107714,3191890.7508816654,21,4,1
1711712.2436128915,719276.8172187875,55,5,1
2962137.8951781336,1337202.3801758033,61,1,0
3931620.9754667534,1917396.191880762,44,3,0
4365009.173984038,685448.9510766661,26,1,0
3638145.913215505,1859316.4764543432,64,3,0
4528083.094771445,3329176.132582415,33,5,1
2122690.8637143336,2016709.1906367694,29,3,0
6165646.906109889,2184560.724574947,48,4,1
3876773.2324111466,991868.1878619358,41,3,0
5675943.747382192,1506910.873568418,31,4,1
4514088.019566556,1699842.8957408504,62,5,1
4685129.828730676,1745827.9225950127,42,5,1
4854650.920348306,3025315.036003015,51,1,0
4671562.840025973,2446152.8485800996,20,4,1
4964084.139801316,1110833.6344503744,41,4,1
5993728.795198647,2197203.822745604,59,2,0
4294781.754552205,2398577.3987974282,26,2,0
5063505.636382768,2912119.2308170134,43,2,0
3865396.4585691597,3264432.5492546987,37,3,0
6160175.823174209,1187924.646537705,57,2,0
2985411.5469110953,1351313.9910317294,27,4,1
6701410.649366223,993937.712868307,36,3,0
3939763.074033485,1812784.112714415,20,5,1
1853837.3468229277,2373086.699557068,41,1,0
4192156.622366184,2789867.6132712816,22,2,0
2978422.513787679,1939239.181085982,20,5,1
5260965.323483086,1744121.981396125,44,4,1
3021064.031046414,2121406.3937989925,33,1,0
3330724.8501778306,1331885.6786959816,32,5,1
1165688.9035817035,3671630.9773558187,52,1,0
3321540.521126385,713871.178305553,29,2,0
364181.01005656505,2147792.4631165797,58,4,1
1624145.764771415,3618884.9753837115,61,1,0
5140621.984216446,2005439.8756479982,43,5,1
5178700.237976248,1847968.7719988045,64,2,0
4638186.342677447,1714043.6617516582,51,2,0
2549535.785306181,1855686.6545900737,40,5,1
3928432.9657870303,3098278.779741224,48,5,1
3994596.1913641472,230510.47093639453,37,1,0
2262452.966211186,3226746.9610370602,29,3,0
6255097.452650726,860834.2780398838,40,2,0
5316043.435863507,1786678.1366124682,21,1,0
3668553.739255504,1656604.4637610705,40,5,1
4040328.758491796,2470842.615816576,18,1,0
4312574.211921329,721500.518493002,42,5,1
937397.6973635638,2369738.132865554,19,4,1
3629233.926219105,3619447.6986294817,47,5,1
2977023.628003302,909460.7963257516,20,5,1
2497569.9851576267,2151764.9340883167,38,5,1
3578349.560671068,1470414.257762713,42,3,0
6696529.790274284,2340709.7649544287,37,5,1
4961264.291900515,2015318.2219326016,39,2,0
3143231.5153258047,1486810.4727645523,38,2,0
4858874.1720342375,2390297.827896859,50,1,0
6099033.154879004,3443478.4878293946,55,3,0
5386950.524369153,1847276.9666181612,32,1,0
4089445.5548802614,2575806.3537185453,63,2,0
3029594.8334416393,965381.6337030691,32,2,0
5047334.970420385,1234850.898545593,63,4,1
4590228.078132625,2377925.022304302,42,5,1
5342789.8300415985,3187292.822828772,38,2,0
4952757.702522954,2284490.679028528,41,1,0
5574329.072979003,1749553.5755814766,22,1,0
3197147.1826591482,1999433.1243386832,23,5,1
5976091.098451489,999673.812824226,60,5,1
4296399.407038599,2483612.2610842935,61,4,1
7112891.308937898,2705866.4498587274,64,3,0
2966218.2728656484,1638327.7337335357,40,1,0
6603945.704747874,1623966.2817923988,21,5,1
4296866.175193972,2212702.5837216387,44,1,0
3022872.9945783275,1650624.2111675236,35,5,1
3274171.2489185175,1947093.908299342,38,2,0
3519479.03770852,3679777.431333212,45,1,0
4636248.919602875,1802379.4394032026,52,2,0
4784253.232053249,1713327.8783830223,39,1,0
3139449.9940921315,1481966.5554918726,57,3,0
3963468.1116085257,2595353.5771999494,40,4,1
7213405.537917796,1855020.6614255176,20,2,0
6591314.755151067,1480501.569342859,57,5,1
4654485.504511048,3057043.2258184096,27,3,0
4057005.2172523006,3135682.40361091,42,1,0
4180046.990077392,1519661.1474090358,25,2,0
4920276.959095625,506768.038911507,28,1,0
2465811.152202392,2806010.9518695376,22,1,0
3613935.1938649826,1452296.139391997,62,1,0
1497123.8891836158,2632500.4793302147,54,4,1
4598834.683907919,423916.94583053165,62,4,1
4970793.909554112,2714077.870639447,55,5,1
3275220.306550939,1031062.456575375,46,2,0
6360980.144935049,2584611.2952532195,22,3,0
2161351.505496488,2011418.4542691472,26,3,0
1803437.6796852695,1236848.4644826842,19,3,0
4336677.727839958,1674370.9496585755,18,1,0
5570647.453918232,2549054.765565361,57,4,1
6525891.537186803,2084715.5624921874,47,2,0
3311673.6056965897,2467530.3843779876,28,1,0
5618021.250146943,3581152.4676123885,45,4,1
3942237.2957489393,748606.7106311589,61,4,1
3741059.0500887707,3293770.059974899,29,2,0
5325489.906230008,2083484.7500185703,56,2,0
4978484.317620129,1280972.7613414973,43,2,0
1635411.7645236258,935749.0994088082,30,1,0
6214810.524588844,1848703.6873783732,25,5,1
6070137.031221177,2737320.0895395675,45,2,0
3061655.947735706,1897960.7036979727,47,5,1
4593705.300156114,3208923.9441978782,26,1,0
4741045.279424109,839059.447958753,56,5,1
4391010.64873586,1990328.8417231564,48,3,0
3174542.26923187,998085.2444695048,38,5,1
2992564.9480929226,2290905.5060999743,64,2,0
3961668.893512832,2709509.9120778404,51,1,0
5759093.528889047,1663390.5650551575,48,2,0
4815400.231891649,-83371.08530170727,42,3,0
3444078.5018708413,2159158.5174371954,29,2,0
5157548.065972517,2349390.8413868076,18,2,0
-272813.9309451133,2323435.803969358,39,2,0
5723148.550558155,2988625.753457723,57,4,1
1390429.3318328504,1143157.056280761,54,3,0
3456338.5878953016,2544172.8843603595,64,2,0
2320495.1580607845,2954006.00998238,18,2,0
2057977.7864186415,577129.9327947865,18,2,0
5741240.18106778,2255721.460735182,59,1,0
3298448.198032163,1596656.1351938627,59,4,1
4519755.822596074,1934781.8615186834,38,1,0
3929619.131681224,2278141.186830669,32,4,1
4715561.240834682,1610217.1487091582,34,2,0
4115232.836590383,1459433.5366707104,39,3,0
2075511.6637171456,2027321.9339904196,55,5,1
5494400.22917071,1130203.248909758,52,5,1
3259365.1252580313,1131339.8968918517,62,2,0
1665127.1520103733,2543498.6263652025,33,1,0
3357827.258551131,1080964.771873075,25,3,0
6251139.685951466,2533050.0007273695,64,4,1
5275332.613170239,2370073.034283161,34,2,0
3477021.798388211,619354.6169675225,34,3,0
3476113.443522357,1457948.278131476,43,3,0
3517547.423173926,2955287.522437898,30,4,1
7115121.975341261,1215067.5750882546,34,3,0
4572903.17834733,1628476.59015249,55,1,0
4645062.470786604,2369648.714601517,34,1,0
5545425.181047764,2626712.4074260765,31,1,0
4358183.73853977,1798768.8911644034,62,3,0
3611436.7812689454,1521991.8442466867,23,1,0
3705475.2263725325,3137895.8893588064,52,4,1
3892598.110878904,3391119.731038063,63,3,0
3944166.6452352377,2783086.4406254366,31,5,1
5091444.31545547,2068254.5140520192,64,3,0
4077918.828710949,1353387.422687259,25,4,1
5098960.115823369,1335644.474754748,32,5,1
3878925.1298371265,2418011.284212606,44,3,0
4117952.785474136,2334718.576710947,30,1,0
1002698.9732018383,3121278.8743571434,48,2,0
5374491.5120537225,2520360.0740289115,52,2,0
4519732.713846989,797535.7585921455,23,1,0
5497015.164789478,2841558.094178335,22,2,0
-344383.06729053427,1201551.4981484697,39,2,0
7132562.057171091,1692822.9824381187,40,1,0
3790615.5577672394,2200160.1650013556,42,1,0
5662274.225106275,3596533.9918271713,51,3,0
2440141.1093117036,4487934.844804289,43,3,0
4919160.857593855,2485378.4473089464,64,1,0
2419876.655239516,1853442.7050236897,22,4,1
3064346.5589562925,2427604.51878444,43,2,0
6871047.030800179,2710124.3406990687,37,3,0
3713976.3988549802,1743465.8995542466,23,2,0
4326149.309769584,3436169.0847298577,23,5,1
5305101.596033132,2184056.6073531215,35,1,0
4743522.831958907,2398194.4712731154,21,4,1
4225628.357715365,2532739.401643569,34,5,1
4547441.503699338,2337269.288491565,31,5,1
7605123.377857413,2671152.40037569,31,5,1
3913571.804449622,1506197.4507624614,30,1,0
4301648.570072452,1553358.5968431756,24,3,0
5575981.5940114185,1119876.613622644,61,1,0
5658288.899436976,2351600.984496181,32,3,0
5780545.45834057,2623149.2028096914,36,5,1
4958095.333043776,2366218.2929215087,60,5,1
2285492.630904275,3339593.94667803,64,4,1
6450147.298451643,1995523.1849367628,61,3,0
2280481.9104719684,2534993.32447401,52,5,1
4453953.19785855,1126639.2990885484,34,2,0
2868586.224970963,1690320.2380204792,52,4,1
3903792.480110511,2556430.206052622,36,1,0
4493143.61545522,2679281.6885945154,37,4,1
4482035.82317541,1764826.4418686542,53,2,0
4632881.131352928,1942720.5985135466,52,3,0
6420566.903587971,785701.0026553525,49,1,0
4680301.45227097,1714376.6393547126,61,1,0
3633765.047064027,2712306.530815829,57,3,0
5446130.752432536,2460164.012885253,41,4,1
5784205.733386961,2400532.5771049676,34,5,1
2158588.277294511,2039818.949744768,24,4,1
4896100.104774787,2005650.526902541,60,2,0
5051759.113466348,1471743.0884212423,18,5,1
3553654.744960012,2559062.736162028,52,4,1
6063560.2199674295,2336778.3555115117,49,3,0
3774916.61945121,2393615.0783942393,53,2,0
4188364.6802073135,1579172.1258659358,30,2,0
3740392.2635741956,277325.6641030044,23,2,0
4023368.571372201,2877722.1694029565,31,5,1
2355587.369657197,1616930.0351932766,54,1,0
1839923.6761085587,1309779.3887655037,32,5,1
6391757.594837459,2554783.129531195,64,4,1
2729557.9775225082,1686389.8880646965,21,1,0
2512911.4758155392,2847949.1072372976,57,4,1
769914.8295944277,2493604.759661358,33,1,0
3041557.3784657465,2546855.458560382,45,5,1
2015365.3098887524,907235.4310395727,33,2,0
6463022.740204554,2969555.1883091205,21,3,0
5514725.634013951,2209000.4249870847,62,2,0
2967774.4822334144,1704578.2886030376,43,5,1
7378653.708016463,2114710.773873801,45,1,0
5472648.230487391,579011.813681344,49,2,0
3512752.9247370665,2326922.2491845367,62,5,1
250891.42768964032,1176502.7934543428,19,4,1
7436413.858886112,917863.7713251724,48,3,0
1915641.299854606,782112.6510256871,20,2,0
1531901.8795646625,2890150.69999194,25,1,0
5533855.648014461,1496589.285045769,41,4,1
7659628.609508909,3226982.1679331996,32,5,1
6076409.227765777,1571358.8295581618,60,3,0
4845863.680078539,634113.6339256426,48,1,0
4892131.512497929,1106780.4480410726,26,5,1
5280123.338170461,2988649.296005551,56,5,1
5138392.884680148,1875281.457650666,62,2,0
4421787.135954063,1561370.1628075193,19,2,0
4156301.655927814,2128014.58068223,25,1,0
3906110.3081507166,2401426.188934036,24,5,1
2869053.1166999857,2893919.052721969,61,2,0
3578987.3846998387,3158799.383914341,56,3,0
1460564.7787069217,1712185.0833687314,59,3,0
3852490.559807875,939161.8511343694,33,5,1
2517113.339273624,1669227.8711013792,52,2,0
2344616.0241763433,2208224.405266309,47,1,0
4269841.226730218,1228992.8590315115,27,1,0
6088003.4295168985,1234279.2680839656,55,1,0
5377474.90900347,2275030.3052399084,35,3,0
1644249.0945652346,1961078.118743639,22,2,0
2515557.7951444937,2026237.5963292692,46,2,0
5411156.781982324,1393203.7322399444,56,3,0
2526268.9096925356,1815679.428635386,51,1,0
3663050.2750044633,1260613.4845853564,60,1,0
4825078.148536827,2712158.7288998296,62,5,1
2547483.317704547,2828199.467779002,40,4,1
4158063.25921894,523049.71020952496,22,2,0
1998961.7576226934,1256391.3118460719,47,2,0
3097948.5340731796,802776.5959279367,23,2,0
4479672.901213805,1479980.8524744813,63,4,1
1610509.399702496,1933249.6241677112,61,5,1
4660712.106940598,840283.824241176,21,4,1
3970543.301609978,1262512.1494997493,46,1,0
4828734.931625722,1196834.102334801,40,1,0
4335871.201096992,2165813.863519155,23,2,0
6046210.644960767,2055475.4696290004,49,3,0
